nk_ota_localizer_id,fk_contact,date_purchase,time_purchase,place_origin_departure,place_destination_departure,place_origin_return,place_destination_return,fk_departure_ota_bus_company,fk_return_ota_bus_company,gmv_success,total_tickets_quantity_success
bc02d5245bec63b30ff1102fa273fc03f58bc9cc3f674ef1fee010c95dcbbab9,a7218ff4ee7d37d48d2b4391b955627cb089870b934912e039288d3a28c3f210,2018-12-26,15:33:35,6b86b273ff34fce19d6b804eff5a3f5747ada4eaa22f1d49c01e52ddb7875b4b,50e9a8665b62c8d68bccc77c7c92431a1aa26ccbd38ed4bba8dd7422a3a4ab70,0,0,8527a891e224136950ff32ca212b45bc93f69fbb801c3b1ebedac52775f99e61,1,89.09,1
5432f12612dd5d749b3be880e779989cf63b5efa4bcc4e76c53e661b07ed7fb8,37228485e0dc83d84d1bcd1bef3dc632301bf6cb22c8b52e8fcd8ae7c503544b,2018-12-05,15:07:57,10e4e7caf8b078429bb1c80b1a10118ac6f963eff098fd25a66c78862ae5ebce,e6d41d208672a4e50b86d959f4a6254975e6fb9b0881166af52c9fe3b5825de2,0,0,36ebe205bcdfc499a25e6923f4450fa8d48196ceb4fa0ce077d9d8ec4a36926d,1,155.97,1
fb3caed9b2f1b6016d45ccddb19095476e61a2c85faa8ec869b8b02d6c729858,3467ec081e2421e72c96e7203b929d21927fd00b6b5f28574f88bbdf2702d02a,2018-12-21,18:41:54,7688b6ef52555962d008fff894223582c484517cea7da49ee67800adc7fc8866,8c1f1046219ddd216a023f792356ddf127fce372a72ec9b4cdac989ee5b0b455,0,0,ec2e990b934dde55cb87300629cedfc21b15cd28bbcf77d8bbdc55359d7689da,1,121.99,1
4dc44a6dd592b702feccb493d192210c86965aee68452989fa44926bd8e0a421,ab3251a2be0f69713b8f97b0e9d1579e31551f4fd4facfad94978b417058b424,2018-12-06,14:01:38,4e07408562bedb8b60ce05c1decfe3ad16b72230967de01f640b7e4729b49fce,d6acb3c1a79e57bcc03d976cb4d98f56edccd4cf426392e8cd4b01b965ab808b,0,0,5f9c4ab08cac7457e9111a30e4664920607ea2c115a1433d7be98e97e64244ca,1,55.22,1
aa34ed7fd0a6b405df2df1bf9f8d68e6df9b9a868a6181f2a990463e6eec11d3,ceea0de820a6379f2c4215bddaec66c33994b304607e56d801cfcb2d5d57bded,2021-02-23,20:08:25,7688b6ef52555962d008fff894223582c484517cea7da49ee67800adc7fc8866,23765fc69c4e3c0b10f5d15471dc2245e2a19af16b513f85aa4b83bd033762a4,0,0,48449a14a4ff7d79bb7a1b6f3d488eba397c36ef25634c111b49baf362511afc,1,45.31,1
948356b25b90c0c87c147cead27483c481edda1dacc4c8c7d8d1ddde6b61738a,37f13b6dae3cfd6e82caf88c4e361a5b2035b66c383ba2f523229a77ced2d91e,2021-02-11,22:25:15,d26eae87829adde551bf4b852f9da6b8c3c2db9b65b8b68870632a2db5f53e00,482d9673cfee5de391f97fde4d1c84f9f8d6f2cf0784fcffb958b4032de7236c,0,0,1dfacb2ea5a03e0a915999e03b5a56196f1b1664d2f768d1b7eff60ac059789d,1,154.2,1
2ee9d0978acb5e113d0b3f846ab3f88c5a426321da8f8752145e5a725d73c1c6,e15109b0b8e9f6f1554e560837eb55543f035f91d8be4f7b3780963fd838a06f,2021-02-19,19:11:40,2fca346db656187102ce806ac732e06a62df0dbb2829e511a770556d398e1a6e,be47addbcb8f60566a3d7fd5a36f8195798e2848b368195d9a5d20e007c59a0c,0,0,1d0ebea552eb43d0b1e1561f6de8ae92e3de7f1abec52399244d1caed7dbdfa6,1,188.99,1
92c004fb7013d0b6cc363bf860b63ebcb4ab8827f4c2b20212fb6792a813aa9e,ec66b05934a8d00f661257ea91874241fccb4fb128028d3655a0ef3f9d47816b,2020-12-03,09:16:29,7688b6ef52555962d008fff894223582c484517cea7da49ee67800adc7fc8866,a3af7b3808c4cf72478d05c9bab9c0d47e31c1d2cb3a29e7481669f7ea278c4e,0,0,3068430da9e4b7a674184035643d9e19af3dc7483e31cc03b35f75268401df77,1,232.96,1
bca8674d4af2f864efd8207b49612927ffffa9a74eb5fc5920ccec274e8247b2,c2f1df0f691e1830892c5557674c5cdce2d99370fc8a849835e45e809325ee13,2020-12-04,08:28:26,6b51d431df5d7f141cbececcf79edf3dd861c3b4069f0b11661a3eefacbba918,4e07408562bedb8b60ce05c1decfe3ad16b72230967de01f640b7e4729b49fce,0,0,35135aaa6cc23891b40cb3f378c53a17a1127210ce60e125ccf03efcfdaec458,1,23.3,1
929cd361c225ec5d3510e14e8582fdcc61a24383cdb7a70c708ff3d643e60e4a,f914295cdc6f40aae952cd1457650eac8a6f74a57a49232a9342d0a309230360,2021-07-02,11:41:19,90b5bc7f03c840b2efddb22ffdfc37dd12cb391b49aa0fc8751726c04d32ff30,f6103ca1e01bd200a9258a366b7e8c22a542e771bf11a0679967a5bb47ef3688,0,0,c6f3ac57944a531490cd39902d0f777715fd005efac9a30622d5f5205e7f6894,1,61.55,1
f08c3f551a19f1ce13525825dbf0d0ce9c3492da92bbb29405d86d1abf454f78,17427df9b085e934834e8fe1b6bce73f46f75facfa7f91a4e162fa2fe519502d,2022-07-14,10:16:52,20ca98162ba780883712eb701c84e4c06f73aba78e903935a9ad799193b4627f,a77b6cbdf6fae1676369dea1e1ea675e4c2400c9e43bd535fdfd9395cb48cbaa,0,0,96061e92f58e4bdcdee73df36183fe3ac64747c81c26f6c83aada8d2aabb1864,1,55.46,1
490f708f362e424df4d32bf56a6b9b17e013b29dc04d8103eb0c3b9bfabff8e3,cf95d567cc38355ed310d70e5d43fb4af67a0373c7282dbfb07ae848330f8b7a,2022-07-05,12:35:35,7688b6ef52555962d008fff894223582c484517cea7da49ee67800adc7fc8866,23765fc69c4e3c0b10f5d15471dc2245e2a19af16b513f85aa4b83bd033762a4,0,0,48449a14a4ff7d79bb7a1b6f3d488eba397c36ef25634c111b49baf362511afc,1,47.7,1
17812b21f6135be002d24fad99d3544126cc571bfbffec926aebcaef119ff2d7,61e066c82555f12735c8bbebc59d12f919d7814f4510ed20b4eaba273e1e3965,2016-09-11,11:05:18,fbb2a73b0bacf3953186a92029e3e9b130373a9ff1449407e6125b3481f4f0ca,a8fd7dc0e1bf71874f7bae013d89b07da30f44bdb001c6e44071388ce6fa380f,0,0,5d389f5e2e34c6b0bad96581c22cee0be36dcf627cd73af4d4cccacd9ef40cc3,1,181.83,1
f27f543dd5a6207cf6949dc713ad73717f8cdeccebaf2b5f2dd4b2e636881628,2bda00506cf67ae2828006c8131bd215ada4943dd1738dc72ea71769f31e9b6a,2021-10-20,15:54:36,7688b6ef52555962d008fff894223582c484517cea7da49ee67800adc7fc8866,23765fc69c4e3c0b10f5d15471dc2245e2a19af16b513f85aa4b83bd033762a4,0,0,48449a14a4ff7d79bb7a1b6f3d488eba397c36ef25634c111b49baf362511afc,1,42.7,1
0d9270305b3b09404418092ed4a1c01d887974fe9d6015649c942641524a3c61,3265420405fa6251960db35d01bcdc0af0eda2dfaf5b963ba8017d3c7a05209a,2019-12-15,16:24:31,4e07408562bedb8b60ce05c1decfe3ad16b72230967de01f640b7e4729b49fce,5c06e46c5e47cfacad16ce1e37f17c09fdbc7072c567613e0b8112173f688a65,0,0,dbae772db29058a88f9bd830e957c695347c41b6162a7eb9a9ea13def34be56b,1,46.76,1
209ce6090edeeb8a4fbb1d0ee028630921f5d6288f442e74cb328e133cbac51f,7c371df88bf42570a41524acf6d0db9f4ec1f0631df16ca7d92c04a1397f1eae,2021-04-29,23:57:52,4e07408562bedb8b60ce05c1decfe3ad16b72230967de01f640b7e4729b49fce,5c06e46c5e47cfacad16ce1e37f17c09fdbc7072c567613e0b8112173f688a65,0,0,dbae772db29058a88f9bd830e957c695347c41b6162a7eb9a9ea13def34be56b,1,49.97,1
7fdcd3e03f08ecea34edbe57ac88e0c8c2ef2645eceb402121391d7afff97d50,e15109b0b8e9f6f1554e560837eb55543f035f91d8be4f7b3780963fd838a06f,2021-04-09,09:25:08,2fca346db656187102ce806ac732e06a62df0dbb2829e511a770556d398e1a6e,be47addbcb8f60566a3d7fd5a36f8195798e2848b368195d9a5d20e007c59a0c,0,0,1d0ebea552eb43d0b1e1561f6de8ae92e3de7f1abec52399244d1caed7dbdfa6,1,187.57,1
f9ec485f27461cea087118d5eae5968bc84a11f41ee2bfb862c146fc567398d4,08fef39872f1133e37a79d9f78a0935015ff8a3f79498a5f13057463c3e9f058,2021-03-05,06:28:56,2b9449f314bf93145f8122906d8dc56c4ca1f116e6db7ad2768d6f9ade29b31e,a4ecdd704d258aa841bb3f9a1e3b0cafc59bd88810e542f8e7a0519809d78fe7,0,0,2747b7c718564ba5f066f0523b03e17f6a496b06851333d2d59ab6d863225848,1,67.14,1
e4000fb46bbfef08aa1d866c70deb3ad40cf3ea13ea0591e712a249fdee61aff,43e999d5e05e500667cde7ab54c5a4e1ac9bc239093a4fcf6115810e47a4572a,2021-03-03,09:44:07,6b86b273ff34fce19d6b804eff5a3f5747ada4eaa22f1d49c01e52ddb7875b4b,624b60c58c9d8bfb6ff1886c2fd605d2adeb6ea4da576068201b6c6958ce93f4,0,0,4a44dc15364204a80fe80e9039455cc1608281820fe2b24f1e5233ade6af1dd5,1,39.83,1
e7ceaf112e5763de7124307e0aabe7bda863c51606ed1de33a6f453792fe9b9c,25b2a4ae8057277611d7f03a6579fdeb4cf9de45c3d899009e175b0f43768385,2022-07-30,13:17:10,0f95db90112a9f3f54f856c168caedb1adfff74d62bde915cfae1d54acac1231,81b8a03f97e8787c53fe1a86bda042b6f0de9b0ec9c09357e107c99ba4d6948a,0,0,71ee45a3c0db9a9865f7313dd3372cf60dca6479d46261f3542eb9346e4a04d6,1,283.85,1
73c9b214cb088e8f7bb02a4ba9606d8b55c7d6c77db1812a214b6cd75361fa0e,d8bb31300129152e70993709dcd14ab420425a4db7c79523bd00737110d92d1f,2022-07-29,17:29:28,7e07ae1a0cd3da38f7e619aacacec577992e62944683b47726c201890e98d2a3,be47addbcb8f60566a3d7fd5a36f8195798e2848b368195d9a5d20e007c59a0c,0,0,620c9c332101a5bae955c66ae72268fbcd3972766179522c8deede6a249addb7,1,115.46,1
431ef2295f42b234a1da5c389a33c30a4c00507e369fec71710efee4c97ad070,7eea672ebaaf902ff8a3d236ab05ad9848d07d3ffe57fad0ea97f9c4dc82841c,2024-03-28,21:28:04,39fa9ec190eee7b6f4dff1100d6343e10918d044c75eac8f9e9a2596173f80c9,7688b6ef52555962d008fff894223582c484517cea7da49ee67800adc7fc8866,0,0,b4bbe448fde336bb6a7d7d765f36d3327c772b845e7b54c8282aa08c9775ddd7,1,64.65,1
4f70deccb329b8d28997cc7291525e2ede94f1b684f826a73f52b0739a2fd625,1faa50e53e1c725baa2f7a3f3c1f77483de33f7290d14d0a0337a9839c3f6c34,2019-12-25,17:42:37,c75cb66ae28d8ebc6eded002c28a8ba0d06d3a78c6b5cbf9b2ade051f0775ac4,6b86b273ff34fce19d6b804eff5a3f5747ada4eaa22f1d49c01e52ddb7875b4b,0,0,35135aaa6cc23891b40cb3f378c53a17a1127210ce60e125ccf03efcfdaec458,1,126.49,1
77d99a3d8b93b777c618fe6fedd9e91a1dedf8515b84726c553aed5ac49760a1,f914295cdc6f40aae952cd1457650eac8a6f74a57a49232a9342d0a309230360,2020-12-16,23:34:59,90b5bc7f03c840b2efddb22ffdfc37dd12cb391b49aa0fc8751726c04d32ff30,f6103ca1e01bd200a9258a366b7e8c22a542e771bf11a0679967a5bb47ef3688,0,0,c6f3ac57944a531490cd39902d0f777715fd005efac9a30622d5f5205e7f6894,1,59.98,1
858d6670f44b12e18e111d173a276a4aa83b33607c5c474e44582c8061c3b7ba,d9d962541c3d0f579c470b5ece9ed87281297ae8bcb7516f98b228f9973073ff,2020-12-11,11:04:39,4e07408562bedb8b60ce05c1decfe3ad16b72230967de01f640b7e4729b49fce,7d2371aaf1df1dcb6d0614043748cef2e190b46734cd0b1c48ae6fd337217d6f,0,0,5a39cadd1b007093db50744797c7a04a34f73b35ed444704206705b02597d6fd,1,86.83,1
1abaf00e317b85d19192d594f672f7119e5b9d0deab8ac153d69fa4ea5342f4d,3735a0b4f79aba4a463abed8245c82f7d7158f2e66a536c054ddf9872c2f80e3,2020-12-15,20:10:20,fbb2a73b0bacf3953186a92029e3e9b130373a9ff1449407e6125b3481f4f0ca,a8fd7dc0e1bf71874f7bae013d89b07da30f44bdb001c6e44071388ce6fa380f,a8fd7dc0e1bf71874f7bae013d89b07da30f44bdb001c6e44071388ce6fa380f,fbb2a73b0bacf3953186a92029e3e9b130373a9ff1449407e6125b3481f4f0ca,5d389f5e2e34c6b0bad96581c22cee0be36dcf627cd73af4d4cccacd9ef40cc3,5d389f5e2e34c6b0bad96581c22cee0be36dcf627cd73af4d4cccacd9ef40cc3,464.89,2
1583b8c593388ea15056127cd636eaaba3fa52a6b20591ec52bae58b7c0b7711,42838e21af1c016ed47faa0cfbc49b4aa0b489cd6bb3123e4aadfc73ebe199f8,2020-12-09,19:54:42,4e07408562bedb8b60ce05c1decfe3ad16b72230967de01f640b7e4729b49fce,06b2d82840e43ed8432b3f444de18b57dbe60637c99379c708aa8e66de83dbc1,0,0,bc52dd634277c4a34a2d6210994a9a5e2ab6d33bb4a3a8963410e00ca6c15a02,1,563.01,3
95211f0ff7dbf171fcf31216e7cf51458f02d08ff72dbef7623ae582c88e8504,73f802c269551d03e307b0bf051ae79a5596e6547c9f3e1e250aa97374bee0cc,2019-07-02,12:48:39,2fca346db656187102ce806ac732e06a62df0dbb2829e511a770556d398e1a6e,4e07408562bedb8b60ce05c1decfe3ad16b72230967de01f640b7e4729b49fce,0,0,a46e37632fa6ca51a13fe39a567b3c23b28c2f47d8af6be9bd63e030e214ba38,1,165.2,1
a6338b86562d29d36a2ed1517f1ca8bce07d7c383b05763219d9640224f6341b,fad2b833bd09d551551a11b6dff09ceb1cbb0799f294d4a4d2bad8889502783d,2019-07-05,18:39:11,ef2d127de37b942baad06145e54b0c619a1f22327b2ebbcfbec78f5564afe39d,673a620c399f28257798d26d037c352676c031573a2b52b266f5f70f32fec994,0,0,86e50149658661312a9e0b35558d84f6c6d3da797f552a9657fe0558ca40cdef,1,41.48,1
a2dce7f30826c89ebb3683104ce50b3d38ae53c446236c021b5caa23bb00fc1e,c5b14511fb28de1010d41bf45e9ff450719a1abc60ab073b308f1088bdfe5c45,2021-07-03,17:27:56,fbb2a73b0bacf3953186a92029e3e9b130373a9ff1449407e6125b3481f4f0ca,df156e8465ff477c90a1393a0ab5947e448ed696ac0d3ea982480f5c237a29e1,0,0,5d389f5e2e34c6b0bad96581c22cee0be36dcf627cd73af4d4cccacd9ef40cc3,1,332.64,2
d8150613c618913240f137447c568ed3ce5539e5108a61168c897f01f91d3ba9,15aa376b0a31d8bb9b6faffd2a53abaa0999071bdd8819e9f3c7a9db9110ed30,2021-07-22,16:16:54,6b86b273ff34fce19d6b804eff5a3f5747ada4eaa22f1d49c01e52ddb7875b4b,624b60c58c9d8bfb6ff1886c2fd605d2adeb6ea4da576068201b6c6958ce93f4,0,0,4a44dc15364204a80fe80e9039455cc1608281820fe2b24f1e5233ade6af1dd5,1,39.88,1
a6f6c915f7c59cae92406f4daefd1439636e0a63f119b282c211a0e5e1e3018b,37f13b6dae3cfd6e82caf88c4e361a5b2035b66c383ba2f523229a77ced2d91e,2021-07-02,21:59:41,d26eae87829adde551bf4b852f9da6b8c3c2db9b65b8b68870632a2db5f53e00,482d9673cfee5de391f97fde4d1c84f9f8d6f2cf0784fcffb958b4032de7236c,0,0,1dfacb2ea5a03e0a915999e03b5a56196f1b1664d2f768d1b7eff60ac059789d,1,271.93,1
6440e0f81b646d4f1b1ac410a3a6f61af8e52d99c2784ef9e122e6f2122ea2a6,77c7414cfc99c87d366fbb71ba8e5882ea20286871730a357d4d27e296c45fda,2020-12-21,02:10:36,4e07408562bedb8b60ce05c1decfe3ad16b72230967de01f640b7e4729b49fce,5c06e46c5e47cfacad16ce1e37f17c09fdbc7072c567613e0b8112173f688a65,0,0,dbae772db29058a88f9bd830e957c695347c41b6162a7eb9a9ea13def34be56b,1,48.7,1
2f2768b8160e519c95ff7232915d92b589ce90160f5a5ab9d10a7217099e3dce,7eea672ebaaf902ff8a3d236ab05ad9848d07d3ffe57fad0ea97f9c4dc82841c,2020-12-20,12:51:06,39fa9ec190eee7b6f4dff1100d6343e10918d044c75eac8f9e9a2596173f80c9,7688b6ef52555962d008fff894223582c484517cea7da49ee67800adc7fc8866,0,0,b4bbe448fde336bb6a7d7d765f36d3327c772b845e7b54c8282aa08c9775ddd7,1,56.79,1
0c2304d350d04a08a9300295619882e10c34e67cfe5668961e52fb8a90220488,1e16bb10d1a0e4286aa67c3c7f4de78cbe8247907e30763cae822dc63187b196,2019-02-27,10:51:56,811786ad1ae74adfdd20dd0372abaaebc6246e343aebd01da0bfc4c02bf0106c,ab16ce326c754df41ed00df6f64f7073dcac3e2986bbf8b2a1ce4549b189a0fb,0,0,7902699be42c8a8e46fbbb4501726517e86b22c56a189f7625a6da49081b2451,1,84.1,1
a0555186335a8bbac55a63bf5432b5ab7768743818ffef1332a58695156d6449,fef8219bd46b8c204c5c4b37f804ef2dec6f24d02779ee3bcd07e00fed85d551,2019-02-07,19:27:14,81b8a03f97e8787c53fe1a86bda042b6f0de9b0ec9c09357e107c99ba4d6948a,eb624dbe56eb6620ae62080c10a273cab73ae8eca98ab17b731446a31c79393a,0,0,68519a9eca55c68c72658a2a1716aac3788c289859d46d6f5c3f14760fa37c9e,1,177.36,1
d07f20bec1356f459d5d86e65733e6f5bf94455ba117dc96c366e6c0c8169107,b098fb90fe0eebb0ebd9879b45b241f1fbccc2b845fc71bde39a6621784c623f,2019-02-26,00:39:16,7688b6ef52555962d008fff894223582c484517cea7da49ee67800adc7fc8866,23765fc69c4e3c0b10f5d15471dc2245e2a19af16b513f85aa4b83bd033762a4,0,0,48449a14a4ff7d79bb7a1b6f3d488eba397c36ef25634c111b49baf362511afc,1,45.73,1
5f9d76ff2483cafb4a5fe0b925261b8356ba5110fbb691eb37e3b315b7a474f6,539a2f1c669445e2a6c090c687091aad579c3df033eacbfcc3a6eaf55ef8f926,2023-01-20,19:00:32,274dfec6e079fb08d6b5771537c54d3f0bd36c64c3d8ed0a4e6d2f201b489274,6b86b273ff34fce19d6b804eff5a3f5747ada4eaa22f1d49c01e52ddb7875b4b,0,0,8527a891e224136950ff32ca212b45bc93f69fbb801c3b1ebedac52775f99e61,1,76.7,1
31a37e80b1e8974a563745572dd70441179df920973c81931db9f7a8241eb441,d88e5166db232527ce765b1b349ca6747828d6d9abf745d4eff84b7e447607f1,2017-09-21,21:07:50,7688b6ef52555962d008fff894223582c484517cea7da49ee67800adc7fc8866,9cfd3c755be26b4e1645918e2a64a26e3d851ede421e0b257f783b443bc443d1,0,0,d6d824abba4afde81129c71dea75b8100e96338da5f416d2f69088f1960cb091,1,113.9,1
ac13565134372ff62684db6991a3a0071e3e1fc16a268cedfb6a170e5529832d,097258f443e6e1df15c4196e6f410e69433fc9bcdcb6af6055ab81365a1ec0f8,2017-05-02,23:32:51,093434a3ee9e0a010bb2c2aae06c2614dd24894062a1caf26718a01e175569b8,7688b6ef52555962d008fff894223582c484517cea7da49ee67800adc7fc8866,0,0,d6d824abba4afde81129c71dea75b8100e96338da5f416d2f69088f1960cb091,1,72.69,1
366660b656e56340b0dc6186f4f237c2a32371c333231dc1f88bfa802f441fd4,56c2cf09c928f80596d7a72b9d7e83b0d5ccdfc7a39c97dcdf149ea80b927e1d,2019-01-18,19:27:59,560aa3e6e94314c78236109e209ac79e15e05ec8bf2dcb78300ae65e720edf9e,c8c9cad7b920b50f713830b8dc55f59fffbbad98335d9f30e0bca8fab5dfeedd,0,0,620c9c332101a5bae955c66ae72268fbcd3972766179522c8deede6a249addb7,1,427.16,1
12ac5f0a9305f27f43165cbd9fe2ad865894ef7b74eca0d623e30c21e015f7d1,a0cacafab0f400307ff038dc9d28768b5262ef40db2903e90c4468ea31cd9243,2024-01-01,11:44:48,29db0c6782dbd5000559ef4d9e953e300e2b479eed26d887ef3f92b921c06a67,8590ac062555493444893ec5871609dffedf8cf684d93f7533bc52ffc5611dc8,0,0,37834f2f25762f23e1f74a531cbe445db73d6765ebe60878a7dfbecd7d4af6e1,1,275.35,1
0e9ededf62e97eda49a7a98763abb3dbe968b8e6256ac0abf8e5695c59125f40,539a2f1c669445e2a6c090c687091aad579c3df033eacbfcc3a6eaf55ef8f926,2024-01-11,11:35:58,274dfec6e079fb08d6b5771537c54d3f0bd36c64c3d8ed0a4e6d2f201b489274,6b86b273ff34fce19d6b804eff5a3f5747ada4eaa22f1d49c01e52ddb7875b4b,0,0,8527a891e224136950ff32ca212b45bc93f69fbb801c3b1ebedac52775f99e61,1,88.5,1
bafdd786a1e1e2715c853d1f47056516419ef0a2f2345a43ff50af98fdb21a32,1809feb458da4ed76bddfb824c086dd45e880d3c37946695c3c2c7bbe0983c2c,2019-12-16,19:51:29,afcf8bc077e68eb94dfe783205f32cabdeead61fd32ff5710947b6111ff2ff77,2b9449f314bf93145f8122906d8dc56c4ca1f116e6db7ad2768d6f9ade29b31e,0,0,c6f3ac57944a531490cd39902d0f777715fd005efac9a30622d5f5205e7f6894,1,108.16,1
01a5ef96a6a0c0734895aa4e8d16b1ce8408f1903f76e4090a86d9a223381a21,6fad1b442ba23586e731d1d00396c406cbaf37da314845d9042a8d02a369af94,2020-01-29,00:54:46,4e07408562bedb8b60ce05c1decfe3ad16b72230967de01f640b7e4729b49fce,5c06e46c5e47cfacad16ce1e37f17c09fdbc7072c567613e0b8112173f688a65,0,0,dbae772db29058a88f9bd830e957c695347c41b6162a7eb9a9ea13def34be56b,1,97.73,2
4cb67ed3f61589c44dca5dced78352e181cf23cbe158a539fd05f0c6c2ece349,3265420405fa6251960db35d01bcdc0af0eda2dfaf5b963ba8017d3c7a05209a,2020-01-01,10:46:12,4e07408562bedb8b60ce05c1decfe3ad16b72230967de01f640b7e4729b49fce,5c06e46c5e47cfacad16ce1e37f17c09fdbc7072c567613e0b8112173f688a65,0,0,dbae772db29058a88f9bd830e957c695347c41b6162a7eb9a9ea13def34be56b,1,46.76,1
72cb2185a553c28be5f80a4783c06ac62c15db595e0ac5b00a825f47a6167ac0,d44d2400b9b874b5d3e721bbbea037715c7d0d9a530e06b972629643068cff92,2023-08-25,20:05:58,2b9449f314bf93145f8122906d8dc56c4ca1f116e6db7ad2768d6f9ade29b31e,5088c1bc42f5cc6a32cdb92d7524ea06febe006baac86a0fc8986a8ee00602bc,0,0,226f76b55acb49701e06ded1d95165d179458f6fc37f5c6fc760ae30dec1c378,1,137.82,1
9e94ba9a61eb75309a4ec2799e90895418691d50014744e684061c828c9a7441,8e46f5b901e29739d38904addd21da282b722aadcd137797d3b58bfd86033de2,2024-02-17,12:15:56,4e07408562bedb8b60ce05c1decfe3ad16b72230967de01f640b7e4729b49fce,5c06e46c5e47cfacad16ce1e37f17c09fdbc7072c567613e0b8112173f688a65,0,0,dbae772db29058a88f9bd830e957c695347c41b6162a7eb9a9ea13def34be56b,1,67.67,1
4824e62b14cb8d55a2b2afd1cff5a56c65600865d5c54dd2f3bcf809e46c3a11,69ea9a01976997fb5a284c0d04d6c4937362a0774c88937283f55cc58471b54a,2020-11-30,12:59:47,81b8a03f97e8787c53fe1a86bda042b6f0de9b0ec9c09357e107c99ba4d6948a,eb624dbe56eb6620ae62080c10a273cab73ae8eca98ab17b731446a31c79393a,0,0,38b2d03f3256502b1e9db02b2d12aa27a46033ffe6d8c0ef0f2cf6b1530be9d8,1,188.75,1
9180895486a918231fadf753b3c2b87260b112e667a1b09297e419edfab20944,832c844c17a13629fccba4470d061d4b0f406689912d45222cb084ccd7c9e693,2020-12-06,21:17:33,6b86b273ff34fce19d6b804eff5a3f5747ada4eaa22f1d49c01e52ddb7875b4b,50e9a8665b62c8d68bccc77c7c92431a1aa26ccbd38ed4bba8dd7422a3a4ab70,0,0,8527a891e224136950ff32ca212b45bc93f69fbb801c3b1ebedac52775f99e61,1,97.75,1
4ada4e1f9cf3c644a1a3e30a847c216eafa3781f4bddb22f6a7051612df31663,aa513857b416a4861a3b0abc6183ae565cfb4d93d1026885a6b7d0999c47cf47,2017-05-21,18:05:05,2fca346db656187102ce806ac732e06a62df0dbb2829e511a770556d398e1a6e,be47addbcb8f60566a3d7fd5a36f8195798e2848b368195d9a5d20e007c59a0c,0,0,5d389f5e2e34c6b0bad96581c22cee0be36dcf627cd73af4d4cccacd9ef40cc3,1,175.51,1
a474348db18243cd93180e97992afd8269abf67dc7661064c3fa88ba9c4350b7,012744f15f0d0293c0a84b585f5003787af3953b2cd24096ade015580754b057,2023-11-25,18:57:13,f391e014b2ee3a42955272b8fc78634de1d5833e0cacb412b180376f9c756e49,6b86b273ff34fce19d6b804eff5a3f5747ada4eaa22f1d49c01e52ddb7875b4b,0,0,d6061bbee6cf13bd73765faaea7cdd0af1323e4b125342ac346047f7c4bda1fc,1,82.6,1
ffad96e5a527d6a1d00b2777cbfd2943e7f6b010e348600c72cadd34742e8f36,7f5f2ce6e7c3e4c4eba26483de5c4c6377a0c707d6ec189e82a825d63055d5b8,2022-04-27,21:32:51,a7f0b84de7a450eaf6ffab449cb0f141b69eb701ffb455f375c3dae4277b25c1,f65ccfbfec288565c1d414275985547799fde0ed286c85a50bd0ec5faa01d1ac,0,0,2747b7c718564ba5f066f0523b03e17f6a496b06851333d2d59ab6d863225848,1,74.34,1
67b7c06bfc0a4e246536b862ac4604bab6beb61b53b8b414a96e8dc07f45a5b6,e137cfddc9d2f3bc2e4960c71b83d5fa69a734954df22f322cb1701e14803665,2022-04-04,20:45:31,81b8a03f97e8787c53fe1a86bda042b6f0de9b0ec9c09357e107c99ba4d6948a,7c4e3e519f7e8481ec5cdb09dd1e35a1a79860ea1d440673c9aecb9c9057148a,0,0,96061e92f58e4bdcdee73df36183fe3ac64747c81c26f6c83aada8d2aabb1864,1,274.73,1
fc4732586931d94498fa896d083ee0f956dde41ee76679a28b0ef5f8d0f82eaa,b47a640f5af17b65a3863a44ee204d09edafffb5456948cdb2d8d2e83cdbb574,2022-04-22,18:29:16,fda3f9dbfd08f12e44bf1279fcb909ac6179fbcc69bc95af0f03cc7093aa4eb6,4c15f47afe7f817fd559e12ddbc276f4930c5822f2049088d6f6605bec7cea56,0,0,1d0ebea552eb43d0b1e1561f6de8ae92e3de7f1abec52399244d1caed7dbdfa6,1,26.3,1
62d0692f059739e2dfe3ed6b418ff7276d0fed9083c89bf0c8bfa23c64155323,8e3f0445b9f25ac21e3390a57bae7880c7f77ac88f751afc3be9cab8964ecfba,2022-04-24,09:31:07,32396038fca01cb69d2c44b0964624d1fe461c9780cffc7f95582a8aa977c2a1,2fca346db656187102ce806ac732e06a62df0dbb2829e511a770556d398e1a6e,0,0,37c20f19f3272b5ccc3a5d80587eb9deb3f4afcf568c4280fb195568da8eb1a2,1,208.44,2
686e0ca2ab22fe6c1e11a8387ec079534a75fe4297962f4923769547034a48fa,75ae9396ccb34c046145a75eaeb04b08c2343e18fe7552e9e55faba41280fa58,2022-04-14,19:04:00,6b86b273ff34fce19d6b804eff5a3f5747ada4eaa22f1d49c01e52ddb7875b4b,4f97f2eebf92cde58c103466712fa2f65b10d06ff8f1934d78ff592fa0575e27,0,0,4a44dc15364204a80fe80e9039455cc1608281820fe2b24f1e5233ade6af1dd5,1,32.05,1
dece771bbc04a66d33545fb7f5795c65d28a9d986ad2cb06a7a7ea293e66364f,3cd162cb7e26ce356f35b6b9507e6d41649c02e3dcfae5168b576515c1decae7,2023-03-23,15:47:00,ca9ceb6158f6b3bb85d1dd150d647de101e584146cf45e2a54009a96a9863db0,6b86b273ff34fce19d6b804eff5a3f5747ada4eaa22f1d49c01e52ddb7875b4b,0,0,96061e92f58e4bdcdee73df36183fe3ac64747c81c26f6c83aada8d2aabb1864,1,258.72,1
70adcabcff818c647554391a3b36f354d920302907c73171f6f5f512718b2adf,70047fcbe5b3a1cdfd8705326b41ca53848649f843d098480a9ddb7ea04a7ad4,2023-03-29,16:21:21,6b86b273ff34fce19d6b804eff5a3f5747ada4eaa22f1d49c01e52ddb7875b4b,bfabb6cf02daa6bf1d9e91c5d141f55e38b8460af403bc0a43726a8eab475855,0,0,96061e92f58e4bdcdee73df36183fe3ac64747c81c26f6c83aada8d2aabb1864,1,82.69,1
cb448eeb86ab1038334b4c0ad619b8fc1d41fc8484cfd8b325cd23bec895204b,be1707c829d65f384dd3159852abdf43476609292fe785b7e334962d491b5a7b,2023-03-02,21:49:09,4652614c4d8778e57a970722f142d832798c133a14b1232a92ffe26a0e98919e,d4735e3a265e16eee03f59718b9b5d03019c07d8b6c51f90da3a666eec13ab35,0,0,35135aaa6cc23891b40cb3f378c53a17a1127210ce60e125ccf03efcfdaec458,1,41.73,1
510ce3c7b998c629aa5fb9be2d15013891d5760b86fc9c8e85af5c0166aad6f4,4b91b36e1df2ea643c95b25df0700bd85eee2fb2211521e3f287ae88a25bf143,2018-08-09,19:26:20,62f77e7d6197863ac98d9e0cfa76bea0c8e05379ed5281afbe72f7fc206fe37b,eb624dbe56eb6620ae62080c10a273cab73ae8eca98ab17b731446a31c79393a,0,0,59e19706d51d39f66711c2653cd7eb1291c94d9b55eb14bda74ce4dc636d015a,1,47.2,1
82f94bf39bbd077fb0987f8677c1cb8b5a80840079c94484efa644aacc04cf48,cd90f16597e597e588968efb967a3b2f32824d62f83a89b9573da63f3d0ec0b8,2023-01-12,22:24:33,56f4da26ed956730309fa1488611ee0f13b0ac95ebb1bc9b5d210e31ff70e79c,284de502c9847342318c17d474733ef468fbdbe252cddf6e4b4be0676706d9d0,0,0,6f4b6612125fb3a0daecd2799dfd6c9c299424fd920f9b308110a2c1fbd8f443,1,31.76,1
c5761665f195794c64c90b6f049159897a347b63ccc46c663810bcfed8a6e658,44ade2ebe19704bef095471a6aaf8b4e72c1888b77c10a626473025ea959ea49,2023-01-12,20:59:15,62f77e7d6197863ac98d9e0cfa76bea0c8e05379ed5281afbe72f7fc206fe37b,eb624dbe56eb6620ae62080c10a273cab73ae8eca98ab17b731446a31c79393a,0,0,f369cb89fc627e668987007d121ed1eacdc01db9e28f8bb26f358b7d8c4f08ac,1,115.39,1
60d85b2464932a295d20d87d715bbbde571d827160b3d8b974f625fb65b72042,0b53e213cd76b740ad10cb930c065fdbe6decb3fff84b28847289e8cea190a0a,2023-01-02,10:59:26,556d7dc3a115356350f1f9910b1af1ab0e312d4b3e4fc788d2da63668f36d017,624b60c58c9d8bfb6ff1886c2fd605d2adeb6ea4da576068201b6c6958ce93f4,0,0,4a44dc15364204a80fe80e9039455cc1608281820fe2b24f1e5233ade6af1dd5,1,139.83,2
57a9a29266b718f2e1e343677684e6f64f328790984b5fb536db1a48859ce107,7fae57b94af26ddd0dda4d0e8545fffb1cf78b02e21dead1353ed42d1920243c,2022-06-26,16:46:05,ff5a1ae012afa5d4c889c50ad427aaf545d31a4fac04ffc1c4d03d403ba4250a,6b86b273ff34fce19d6b804eff5a3f5747ada4eaa22f1d49c01e52ddb7875b4b,0,0,5f9c4ab08cac7457e9111a30e4664920607ea2c115a1433d7be98e97e64244ca,1,242.89,2
a5ee68f8b96b74fd36edd7ba4bbc78df1d9acb7dceaffad4b9d8ede4cda74978,ac99e4aa423c3619160d181db030999e6d19dd45587885b2a782de5c98ad486b,2022-06-23,11:04:23,a7f0b84de7a450eaf6ffab449cb0f141b69eb701ffb455f375c3dae4277b25c1,f65ccfbfec288565c1d414275985547799fde0ed286c85a50bd0ec5faa01d1ac,0,0,2747b7c718564ba5f066f0523b03e17f6a496b06851333d2d59ab6d863225848,1,165.2,2
d85fc20d0eafef68c9ebbb7ab295c2986fdc257afa932b3febe9e467f3e888c0,c9b21a110b12a163d5e2f702531c60d0d34d5bf67ebc4e7655fa98d4555aee6e,2022-06-09,16:17:54,6b86b273ff34fce19d6b804eff5a3f5747ada4eaa22f1d49c01e52ddb7875b4b,0359bdb72fa3b3ee4adfdfcae848c4b5cc3c889bc7400efc01051e9cd67482c9,0,0,1dfacb2ea5a03e0a915999e03b5a56196f1b1664d2f768d1b7eff60ac059789d,1,410.61,1
7169a1f6ba05ea5da9529a8920b1af4e71835b8638c94b04614c6bb8d3bb7f3f,e680c376f9f04ff0b54472d4ba8ec82de418f9b9c7c2bc6bc362b7d0e2a4da25,2018-08-15,22:01:27,6b86b273ff34fce19d6b804eff5a3f5747ada4eaa22f1d49c01e52ddb7875b4b,eef79a6a04f78a54832c8891ed83f4863850ec0a7d9807e9b6ac208d23a1e59c,0,0,8527a891e224136950ff32ca212b45bc93f69fbb801c3b1ebedac52775f99e61,1,123.19,2
94e65f9d8dd71e7127b28b4cbf1a540fd6759daff6b3eac640488b32a6f6e94a,f86f048e75f6253ccb8fd99283d58b3e170da710bba3b3c297ecb0b7017b2625,2018-08-12,13:10:29,8e6aee9efac8086ebac545d45c63e0d0dfcddd0d77d53e45c04d05cafdd2a8a8,be6b5b7140b02bff9ad8fa5aaaeca5973791521c5029c9f6b42390f8b87ce2bd,0,0,2fca346db656187102ce806ac732e06a62df0dbb2829e511a770556d398e1a6e,1,72.61,1
bc27466dd8cec553fdafdb0d972eb28749b407c0511c356667c80cce6c8e31f8,bb626f70ff2aaa9b7ed5c2549041facbfed621c444997c97d3d9e806cabf98f4,2024-01-10,16:43:46,fbb2a73b0bacf3953186a92029e3e9b130373a9ff1449407e6125b3481f4f0ca,3d734d729009b74c011651eb24b06a74151fb99b8da5110295da8bb77ec3f92d,0,0,06b2d82840e43ed8432b3f444de18b57dbe60637c99379c708aa8e66de83dbc1,1,57.64,1
1bb645ffa5782d1b92a58f729844b7a0d77369aef7dd8a8c8b063401f337f281,f9c9d9089dc5bd2779e8a9b002467ed56757500ff13b2c462aa98af574f4b55b,2024-01-16,23:14:22,4652614c4d8778e57a970722f142d832798c133a14b1232a92ffe26a0e98919e,d4735e3a265e16eee03f59718b9b5d03019c07d8b6c51f90da3a666eec13ab35,0,0,35135aaa6cc23891b40cb3f378c53a17a1127210ce60e125ccf03efcfdaec458,1,40.0,1
12f5789045a0d87b26c5ae8c787641271ad1d4a28174b28b436588c915313855,f532754ea1e16c1a5a6077f621bac2023db06831ff83de364d92314e69edb80d,2024-03-23,15:30:15,fbb2a73b0bacf3953186a92029e3e9b130373a9ff1449407e6125b3481f4f0ca,3d734d729009b74c011651eb24b06a74151fb99b8da5110295da8bb77ec3f92d,0,0,06b2d82840e43ed8432b3f444de18b57dbe60637c99379c708aa8e66de83dbc1,1,53.85,1
7be0b9dec3d60d7fd18b0b7da8fac0b4c86722bb60b8a280cc86cdd2f333beab,12ca0756695c5c044dcc435627a2837ea5c187a9b43ab25e2c72e5b8efaa31ba,2024-03-14,15:04:28,e0e3fcdfb0803ca538910c12042cb6232acb9e3c6db8908524aea6ed560e5334,fbb2a73b0bacf3953186a92029e3e9b130373a9ff1449407e6125b3481f4f0ca,0,0,59e19706d51d39f66711c2653cd7eb1291c94d9b55eb14bda74ce4dc636d015a,1,389.39,1
a409d8ed2ac24f1420120c36dc6c79617cd03803ab87ef6e02016986d79957a8,af9529eb2a2d6ee4bb92ddb73c65bd1bb9d19c044b915cb662a75a4a86bd46ac,2024-03-22,22:53:59,6b86b273ff34fce19d6b804eff5a3f5747ada4eaa22f1d49c01e52ddb7875b4b,4f97f2eebf92cde58c103466712fa2f65b10d06ff8f1934d78ff592fa0575e27,0,0,4a44dc15364204a80fe80e9039455cc1608281820fe2b24f1e5233ade6af1dd5,1,40.45,1
3d4b364744bffb412a9a9b212a3c6ace991a92c3971bb87df1469e8ab26437b9,733853a68b8a65a61c1c6530a637898245e71fa06cdadb074fb308bc5c50cb88,2019-04-21,10:10:49,62f77e7d6197863ac98d9e0cfa76bea0c8e05379ed5281afbe72f7fc206fe37b,eb624dbe56eb6620ae62080c10a273cab73ae8eca98ab17b731446a31c79393a,0,0,59e19706d51d39f66711c2653cd7eb1291c94d9b55eb14bda74ce4dc636d015a,1,117.76,2
ee7bcf847922229206ecaf083ef3b404b63828180e81bc83ab2f1291aaeb4dfc,9b7ca79b2c346c441683823006a35c40e3f6b94d9e702b4aedd4d0b8a1a50060,2023-03-06,19:44:25,25b7c81e770034aeda70db74af0fb638beca992d2a535641e6313f38b9665016,fbb2a73b0bacf3953186a92029e3e9b130373a9ff1449407e6125b3481f4f0ca,0,0,3068430da9e4b7a674184035643d9e19af3dc7483e31cc03b35f75268401df77,1,360.21,2
44ac0df54e460f5fd6c68f9cfc19b40dfba39277070bf9e689b046201a9e6dde,dd81251c243517e44f39eb97c5d6425720208640a3cfdc7b2858d1ad0c137ba0,2023-03-10,22:08:26,2fca346db656187102ce806ac732e06a62df0dbb2829e511a770556d398e1a6e,1bee34b6262a7777362f96e3dd5635764e820f97bab9772f492397774a38d74a,0,0,6f4b6612125fb3a0daecd2799dfd6c9c299424fd920f9b308110a2c1fbd8f443,1,65.66,1
b74c4b5b4a841aba826df5f282cfaad29cf0fd7c688fc407050db7842356d444,c9dc99c26bab2962c3f837847cb3ea3b23ed9282166262716cad5b0855293f03,2023-03-26,10:31:02,81b8a03f97e8787c53fe1a86bda042b6f0de9b0ec9c09357e107c99ba4d6948a,ed6f2060379b3b2192ea06e51b6e771f0ef931e9efc702f767da99869d4e67f7,0,0,8cd2510271575d8430c05368315a87b9c4784c7389a47496080c1e615a2a00b6,1,119.95,1
1a3a7fa2a4dc6a8943bb5de2b566000bad98d7c1a94d63a01770710d0b2c2d52,e2471b173ab5e5dce0d369d719207a1bad4bb95dbb84f5b5b89f27cd3649ac8f,2015-10-05,11:17:43,62f77e7d6197863ac98d9e0cfa76bea0c8e05379ed5281afbe72f7fc206fe37b,eb624dbe56eb6620ae62080c10a273cab73ae8eca98ab17b731446a31c79393a,0,0,f6e0a1e2ac41945a9aa7ff8a8aaa0cebc12a3bcc981a929ad5cf810a090e11ae,1,57.71,1
5f87c4426fd6734e388241ad8382a49d1cb9db4a5eef9843fb4ca0aa473cf212,7d1556b216811c7a46f14405469e192a2ce972e4cae2dbceef54470f06be1ef0,2016-02-25,20:38:46,3fdba35f04dc8c462986c992bcf875546257113072a909c162f7e470e581e278,6b86b273ff34fce19d6b804eff5a3f5747ada4eaa22f1d49c01e52ddb7875b4b,0,0,35135aaa6cc23891b40cb3f378c53a17a1127210ce60e125ccf03efcfdaec458,1,118.05,1
18917993709dcffa540a7f5985e2c4588ad374f8f1d92d2f213d4f682719d79d,d030db53e7a402cfb5cd2f3edfff70eb02c13794b4346ae0ccb350bfbab76193,2019-11-18,11:21:47,62f77e7d6197863ac98d9e0cfa76bea0c8e05379ed5281afbe72f7fc206fe37b,eb624dbe56eb6620ae62080c10a273cab73ae8eca98ab17b731446a31c79393a,0,0,59e19706d51d39f66711c2653cd7eb1291c94d9b55eb14bda74ce4dc636d015a,1,60.37,1
3a2c9ab0908db5e7e109442786ab9dc3abeeacc152a81c04bb189e98d7072c72,9babbdf93be47ef3e6e400dbcc0a6079c13d6753058633289997ef556be71b91,2019-08-08,23:43:22,6b86b273ff34fce19d6b804eff5a3f5747ada4eaa22f1d49c01e52ddb7875b4b,eef79a6a04f78a54832c8891ed83f4863850ec0a7d9807e9b6ac208d23a1e59c,0,0,8527a891e224136950ff32ca212b45bc93f69fbb801c3b1ebedac52775f99e61,1,66.84,1
81b262c76734015adb51af154f7d6aee0b3d43a355f233acc1380928f28563a9,6531cf38d348e65998ffd1574b4dcfc801eea2a021a43bdf352c3c167dc3fb81,2019-08-17,21:49:16,62f77e7d6197863ac98d9e0cfa76bea0c8e05379ed5281afbe72f7fc206fe37b,eb624dbe56eb6620ae62080c10a273cab73ae8eca98ab17b731446a31c79393a,0,0,f6e0a1e2ac41945a9aa7ff8a8aaa0cebc12a3bcc981a929ad5cf810a090e11ae,1,67.25,1
186aa8e8b48bfeeb37549a6c6b9c0613ccd8ff68ce6a873fea5bd1c40c604cc3,a9a93812c79990de32af85de79b8e6ad8b654e6ab1152347e45b3729e5d504d4,2023-07-18,18:45:57,4652614c4d8778e57a970722f142d832798c133a14b1232a92ffe26a0e98919e,d4735e3a265e16eee03f59718b9b5d03019c07d8b6c51f90da3a666eec13ab35,0,0,35135aaa6cc23891b40cb3f378c53a17a1127210ce60e125ccf03efcfdaec458,1,45.02,1
087f3471b9f06ec66c21311c4c116a13fc03286378bfda61b58ce67d3417a9e5,8ff72dc95b806088f20e21f56a197833698ff8b4b55f90244c8b4bb2d796b407,2023-07-11,18:26:06,32396038fca01cb69d2c44b0964624d1fe461c9780cffc7f95582a8aa977c2a1,2fca346db656187102ce806ac732e06a62df0dbb2829e511a770556d398e1a6e,0,0,37c20f19f3272b5ccc3a5d80587eb9deb3f4afcf568c4280fb195568da8eb1a2,1,120.47,1
dc5c60d2bfa409b12f98d8623b56ee44b7c0b6189ffb7f7f289c4ad6a4e7919c,bcd65b4c71b66c5e0c777a1b22b0bd99a8609c369af67c01f5faee6a73392b32,2023-07-25,19:37:37,41cfc0d1f2d127b04555b7246d84019b4d27710a3f3aff6e7764375b1e06e05d,4e07408562bedb8b60ce05c1decfe3ad16b72230967de01f640b7e4729b49fce,0,0,eb3be230bbd2844b1f5d8f2e4fab9ffba8ab22cfeeb69c4c1361993ba4f377b9,1,88.85,1
d46282fa36923f5a520ae1433e01d14bbbe12b29a6f1c9df008e1d7c72feda8b,2c8344181c2f003c05a8e0019e359547789d7a975ad082dfa8fdae3ec662acee,2015-12-16,15:59:05,624b60c58c9d8bfb6ff1886c2fd605d2adeb6ea4da576068201b6c6958ce93f4,d4735e3a265e16eee03f59718b9b5d03019c07d8b6c51f90da3a666eec13ab35,0,0,35135aaa6cc23891b40cb3f378c53a17a1127210ce60e125ccf03efcfdaec458,1,121.36,2
178ed15cda4918a98b89bc86b4ba0c4e9e0dce6cec2ddb2a5419eed6ea02483e,944739792526e7496fba79db44d84d7b22b9dfe9b9022fbc0bfbbc3a5ded1599,2024-02-21,20:31:03,b7a56873cd771f2c446d369b649430b65a756ba278ff97ec81bb6f55b2e73569,0b918943df0962bc7a1824c0555a389347b4febdc7cf9d1254406d80ce44e3f9,0,0,35135aaa6cc23891b40cb3f378c53a17a1127210ce60e125ccf03efcfdaec458,1,63.29,1
3d2048344d653fe3cf7c9d9cdf9d83e94bd2e4f515f0ebcfb58fa75ca016c692,201de5b183b64f03677a6e275d23ab03a92d7df7e8334f4c2fa2d420277f8e37,2021-07-31,17:08:43,4652614c4d8778e57a970722f142d832798c133a14b1232a92ffe26a0e98919e,d4735e3a265e16eee03f59718b9b5d03019c07d8b6c51f90da3a666eec13ab35,0,0,7f2253d7e228b22a08bda1f09c516f6fead81df6536eb02fa991a34bb38d9be8,1,34.75,1
8c283a052a5fc51deb5153bd87fd928af721680c97b71dc5c05e8477763043e2,604a9b953137ff51c16b005d30e36a6b3b3ca6b27a8f3963c268c0b0a697f08b,2021-08-13,09:21:52,6b86b273ff34fce19d6b804eff5a3f5747ada4eaa22f1d49c01e52ddb7875b4b,482d9673cfee5de391f97fde4d1c84f9f8d6f2cf0784fcffb958b4032de7236c,0,0,1d0ebea552eb43d0b1e1561f6de8ae92e3de7f1abec52399244d1caed7dbdfa6,1,377.59,1
1107df95581c41954e39410f495c335566fa1f76343a187c73842d7e52ec2407,5798feee8f0ed5e318b0bef316b7689195daa1818844d518a710e8d03571dc88,2021-08-27,22:42:32,6b86b273ff34fce19d6b804eff5a3f5747ada4eaa22f1d49c01e52ddb7875b4b,4f97f2eebf92cde58c103466712fa2f65b10d06ff8f1934d78ff592fa0575e27,0,0,4a44dc15364204a80fe80e9039455cc1608281820fe2b24f1e5233ade6af1dd5,1,97.02,4
e3daa51ecbac584fc565211405007c7803fee47520570faabb24f4ca3c343d76,568e0ecfc02795665747482cb514300aa9cf186233e05f2aec5426fcbe1b9926,2021-08-04,23:27:13,52f14fc33ef45dd80ac2626077948f44d8d211d5f24bf9db333c9403968e634a,de0023e398111d43424845aaeee2e119249cc0567e7b585eaba5f44080b458c6,0,0,d6a4031733610bb080d0bfa794fcc9dbdcff74834aeaab7c6b927e21e9754037,1,271.2,1
32477ad946d0ca3083e9b44951395a9baf464920f3bc3b5dc99647ef8025a03d,af2603c7dc8a23c26a9478196c4e0ca8f947fb4824053848a7ebe083accda854,2019-11-08,00:27:08,41cfc0d1f2d127b04555b7246d84019b4d27710a3f3aff6e7764375b1e06e05d,4e07408562bedb8b60ce05c1decfe3ad16b72230967de01f640b7e4729b49fce,0,0,eb3be230bbd2844b1f5d8f2e4fab9ffba8ab22cfeeb69c4c1361993ba4f377b9,1,64.9,1
37e5adeb981f5999ddb78f126e0f752f56a7e45801cc35fa78aa481201c63ca5,0e04562ef7b861bef25afa88d162325a8736c448d15d927269bbd8e651221485,2019-11-25,20:38:22,6b86b273ff34fce19d6b804eff5a3f5747ada4eaa22f1d49c01e52ddb7875b4b,0359bdb72fa3b3ee4adfdfcae848c4b5cc3c889bc7400efc01051e9cd67482c9,0,0,1dfacb2ea5a03e0a915999e03b5a56196f1b1664d2f768d1b7eff60ac059789d,1,389.11,1
02949732c3bcbc4d2b3466ebbad4067e86300518ec6e21040a69978d6202fa8d,00e4b6556681b102b457ed0bbec5e8c58d02f5ace4fa6128c4a7007f65a5d70e,2019-02-04,11:17:52,6b86b273ff34fce19d6b804eff5a3f5747ada4eaa22f1d49c01e52ddb7875b4b,482d9673cfee5de391f97fde4d1c84f9f8d6f2cf0784fcffb958b4032de7236c,0,0,1d0ebea552eb43d0b1e1561f6de8ae92e3de7f1abec52399244d1caed7dbdfa6,1,254.97,1
18e2e8a0169fe61841975f2696515b7c619954bcdb91848cffd86676986faf5b,68b25cc7bc3c8bf5228abd060241ca32e6f7bd4e907556b6dcfd92174b8fe6c9,2016-11-30,22:04:41,2b9449f314bf93145f8122906d8dc56c4ca1f116e6db7ad2768d6f9ade29b31e,70fa656aa0391eb9ef7bbc9c7e6771ec09e7d5d7ab1fcbbde2480d21263ee79a,0,0,2747b7c718564ba5f066f0523b03e17f6a496b06851333d2d59ab6d863225848,1,82.08,2
55b94d3c47cea9c7d76fc3ede4c646a787fe504e0dd5dd3a5fdbefbb9a8a72f3,3404d2465762db7d7fee7e739ef77adbeecd4115dccff89bd89ee3c4fbaae080,2023-05-07,20:51:57,fc71f2d6d38dbfc752ecaf2262916dc8ad99a34243d47b34691f9f8a3afaeffd,ddc10a5906f8c0ea77bac646567f9680f2b6f989f35485f0cc65b7b5a223d32c,0,0,210e3b160c355818509425b9d9e9fd3ea2e287f2c43a13e5be8817140db0b9e6,1,80.16,1
12ad209a699f2f349933492bd9e31801ef6ea793e4bf8308e819b2c16282b35a,85eb76e4e647453107af78cc1c91a7199988e7c2eb81e8d5898f8ad8dfe5c066,2019-02-23,15:32:10,7688b6ef52555962d008fff894223582c484517cea7da49ee67800adc7fc8866,efd96aedf377e20afd95285a7c751a864260bd6a149656a4040c5b7757bdbbb6,0,0,d6d824abba4afde81129c71dea75b8100e96338da5f416d2f69088f1960cb091,1,94.79,1
cb0175d35dce318535bf85ab2e963ddbcca2bc3580cd8e706a9772af2eb2e94e,13365d453f391f27d6969ff81f3d76ca64b5e92f589654145d0f8cde537788c1,2019-02-11,10:33:36,4652614c4d8778e57a970722f142d832798c133a14b1232a92ffe26a0e98919e,d4735e3a265e16eee03f59718b9b5d03019c07d8b6c51f90da3a666eec13ab35,0,0,e7f6c011776e8db7cd330b54174fd76f7d0216b612387a5ffcfb81e6f0919683,1,33.1,1
9e8ded88b4af1f524ca88cc36aa8fca10fa368f2a06ac3d84c830622529b1218,5a0f6f5d7688034c04ed5133dad93f46044ffcf7c8ab61dc08806bcf19ba991f,2018-04-18,08:19:11,6b86b273ff34fce19d6b804eff5a3f5747ada4eaa22f1d49c01e52ddb7875b4b,6fef307f9c8a3fb0ad69aea55b3d9c74c652a858c61b235e70ce2e2d490eb34c,0,0,6e4001871c0cf27c7634ef1dc478408f642410fd3a444e2a88e301f5c4a35a4d,1,174.88,1